Nome;Código
SB - BL TAU - 3º ANDAR - S307;SBTAU03S307
FUNDAÇÃO UNIVERSIDADE FEDERAL DO ABC;UFABC
SA - BL B - 9º ANDAR - S915;SAB09S915
SB - BL ÔMEGA - 1º ANDAR - LAB. ENG. TECIDOS E BIOMOLÉCULAS - L104;SBOMEGA01L104
SA - BL L - SUBSOLO - EDITORA DA UFABC (EDUFABC);SALSSEDITORA
SA - BL H - SUBSOLO - TELECOM;SAH STL
SA - BL A - SUBSOLO - LAB. PROC. MAT. METÁLICOS E CERÂMICOS - LS11;SAASL011
SA - BL L - 05º ANDAR - LABORATÓRIO DE CATÁLISE E SÍNTESE ORGÂNICA - L505;SALL505
SA - BL A - SUBSOLO - COORDENAÇÃO DE GESTÃO E PLANEJAMENTO (CGP) - S15;SAASS15CGP
SA - BL A - TORRE 2 - LABORATÓRIO DE REDES - L404-2;SAAT2L4042
SB - BL GAMA - SUBSOLO - DEPÓSITOS DA PREFEITURA UNIVERSITÁRIA;SBGAMASSDPPU
SA - BL C - SUBSOLO - BIBLIOTECA;SACSS
SA - BL A - TORRE 1 - 6º ANDAR - S623-1;SAAT106S623
SA - BL A - TORRE 1 - 3º ANDAR - S305-1;SAAT103S305
SA - BL L - 3º ANDAR - S49;SAL03S49
SA - BL A - TORRE 2 - 5º ANDAR - S524-2;SAAT205S524
SA - BL A - SUBSOLO - S15 - DEPÓSITO;SAASS15DP
SA - BL L - LAB. DE IMUNOLOGIA E BIOQUÍMICA DO CÂNCER - L316;SALL316
SA - BL B - GRUPO DE ELETROQUÍMICA DE SUPERFÍCIES [GESUP] - L201;SABL201
SB - BL DELTA - TÉRREO - DIVISÃO DE PATRIMÔNIO - S11A;SBDELTATS11ADP
SANTO ANDRÉ - AMBIENTES EXTERNOS - PORTARIAS;SAEXTERNOPORT
SA - BL A - DEPÓSITOS DA PREFEITURA UNIVERSITÁRIA;SAADPPU
SA - BL B - 4º ANDAR - S402;SAB04S402
SA - BL A - 06º ANDAR - SALA DE DOCENTE - S634-1;SAAT106S634
SA - BL A - 07º ANDAR - SECRETARIA DO CECS - S700-1;SAAT107S700
SA - BL L - SUBSOLO - DEPÓSITOS DE PREFEITURA UNIVERSITÁRIA;SALSDPPU
SA - BL A - SUBSOLO - S15 - SSSA;SAASS15SSSA
SA - BL A - 2º ANDAR - SUGEPE;SAA02SUGEPE
SA - BL A - TÉRREO - PROGRAD;SAA00PROGRAD
SA - BL A - 1º ANDAR - A103-0;SAA01A103
SA - BL K - LABORATÓRIO DA ENGENHARIA DE ENERGIA - L03;SAK00L03
SB - BL DELTA - TÉRREO - S006 - NTI;SBDELTA00S006
SA - BL B - 8º ANDAR - R802 - SALA DE VISITANTES;SAB08R802
SA - BL A - TORRE 2 - 5º ANDAR - S538-2;SAAT205S538
SBC - ÔMEGA - L013 - LABORATÓRIO DE NEUROMECÂNICA APLICADA;SBOMEGAL013
SA - BL A - 2º ANDAR - S208-0;SAA02S208
SA - BL A - TÉRREO - NÚCLEO DE ACESSIBILIDADE;SAA00PROAP
SA - BL A - TORRE 2 - 5º ANDAR - SALA DE DOCENTE - S509-2;SAAT205S509
SA - BL A - TORRE 1 - 7º ANDAR - S748-1;SAAT107S748
SA - BL C - BIBLIOTECA;SACSISBI
SB - BL DELTA - BIBLIOTECA;SBBETASISBI
SA - BL A - T3 - 5º - LABORATÓRIO DE BIOLOGIA CELULAR E MOLECULAR - L502-3;SAAT305L502
SA - BL A - TORRE 1 - 6º ANDAR - S608-1;SAAT106S608
SA - BL A - TORRE 2 - 4º ANDAR - L405-2;SAAT204L405
SB - BL ALPHA - TÉRREO - CENTRAL DE CHAVES E VIGILÂNCIA;SBALPHA00S
SA - BL A - TORRE 3 - 6º ANDAR - S651-3;SAAT306S651
SA - BL L - 3º ANDAR - S47;SAL03S47
SA - BL A - TORRE 1 - 6º ANDAR - R604-1;SAAT106R604
SA - BL L - 5º ANDAR - L508;SAL05L508
SA - BL A - TORRE 2 - 3º ANDAR - S309-2;SAAT203S309
SA - BL L - SUBSOLO - LIVRARIA;SALSSLIVRARIA
SA - BL A - SUBSOLO - CORREGEDORIA-SECCIONAL - S12;SAASS12
SA - BL B - 2º ANDAR - LABORATÓRIO DE QUÍMICA ANALÍTICA - L204;SAB02L204
SB - BL DELTA - TÉRREO - PROAP - S022A;SBDELTA00S022A
SB - BL DELTA - 1º ANDAR - LABORATÓRIO DE PESQUISA - L104;SBDELTA01L104
SB - BL TAU - TÉRREO - CENTRAL DE CHAVES;SBTAU00S006
S522-2;SAAT205S522
SB - BL DELTA - 2º ANDAR - SALA DE DOCENTE - S211;SBDELTA02S211
SB - BL DELTA - 2º ANDAR - SALA DE DOCENTE - S257;SBDELTA02S257
SA - BL A - TORRE 1 - 7º ANDAR - S741-1;SAAT107S741
SB - BL ÔMEGA - TÉRREO - L003-BIOMATERIAIS E ENG. TECIDUAL;SBOMEGA00L003
SA - BL A - 2º ANDAR - S213-0;SAA02S213
SA - BL B - 10º ANDAR - S1016;SAB10S1016
SA - BL A - TÉRREO - DPAG;SAA00SDPAG
SA - BL A - TORRE 1 - 4º ANDAR - LABORATÓRIO DE ENERGIA ELÉTRICA - L402-1;SAAT104L402
SA - BL B - 9º ANDAR - S937;SAB09S937
SA - BL A - TORRE 3 - 6º ANDAR - S616;SAAT306S616
SA - BL A - 2º ANDAR - E203-0;SAA02S203
SA - BL A - 2º ANDAR - S204-0;SAA02S204
SA - BL A - 2º ANDAR - S205-0;SAA02S205
SA - BL A - 2º ANDAR - S206-0;SAA02S206
SA - BL A - 2º ANDAR - S207-0;SAA02S207
SA - BL A - 2º ANDAR - S209-0;SAA02S209
SA - BL A - 2º ANDAR - S211-0;SAA02S211
SA - BL A - 2º ANDAR - S212-0;SAA02S212
SA - BL A - 2º ANDAR - S214-0;SAA02S214
SA - BL A - 2º ANDAR - E201-0;SAA02S201
SA - BL A - 2º ANDAR - E202-0;SAA02S202
SA - BL A - 1º ANDAR - A101-0;SAA01S101
SA - BL A - 1º ANDAR - A102-0;SAA01S102
SA - BL A - 1º ANDAR - A106-0;SAA01A106
SA - BL A - 1º ANDAR - A104-0;SAA01A104
SA - BL A - 1º ANDAR - A105-0;SAA01A105
SA - BL A - 1º ANDAR - A107-0;SAA01A107
SA - BL A - 1º ANDAR - A108-0;SAA01A108
SA - BL A - 1º ANDAR - REITORIA;SAA01SREITORIA
SA - BL A - 1º ANDAR - A109-0;SAA01A109
SA - BL A - 1º ANDAR - A110-0;SAA01A110
SA - BL A - TORRE 3 - 6º ANDAR - S608-3;SAAT306S608
SA - BL L - 7º ANDAR - S707;SAL07S707
SA - BL A - 1º ANDAR - A112-0;SAA01A112
SA - BL A - 1º ANDAR - A111-0;SAA01A111
SB - BL DELTA - 3º ANDAR - S345;SBDELTA03S345
SB - BL DELTA - TÉRREO - LAB. SISTEMAS DE PRODUÇÃO E EFICIÊNCIA ENERGÉTICA- L002;SBDELTA00L002
SB - BL TAU - 2º ANDAR - S203;SBTAU02S203
SB - BL ALPHA - 1º ANDAR - S104;SBALPHA01S104
SA - BL B - 1º ANDAR - LAB. DE MULTIMÍDIA – SALA INTERNA (EI) - L102;SAB01L102
SA - BL A - 5º ANDAR - S536-2;SAA05S536
SB - BL TAU - 3º ANDAR - S309;SBTAU03S309
SA - BL A - TORRE 3 - 5º ANDAR - SALA DE DOCENTE - S560-3;SAAT305S560
SB - BL DELTA - 2º ANDAR - S231;SBDELTA02S231
SB - BL ZETA - TÉRREO - LAB. DE BIOLOGIA MOLECULAR - L009;SBZETA00L009
SA - BL L - 1º ANDAR - LAB. DE DINÂMICA NÃO-LINEAR - L108;SAL01L108
SA - BL A - 1º ANDAR - ZELADORIA;SAA01SZL
SB - BL DELTA - TÉRREO - S018 - PROAP;SBDELTA00S018
SB - BL ÔMEGA - TÉRREO - LAB. DE MECÂNICA COMPUTACIONAL - L012;SBOMEGA00L012
SB - BL DELTA - 1º ANDAR - LABORATÓRIOS DE COGNIÇÃO HUMANA - L108/L109/L110;SBDELTA01L108/109/110
SB - BL ALPHA - 3º ANDAR - LABORATÓRIO DIDÁTICO ÚMIDO - L305;SBALPHA03L305
SA - BL A - SUBSOLO - LABORATÓRIO DE MODELAGEM AMBIENTAL E URBANA - LS04;SAASL4
SA - BL A - TORRE 1 - 4º ANDAR - LAB. DE INSTRUMEN. E METROLOGIA ÓPTICA - L406-1;SAAT104L406
SA - BL A - SUBSOLO - LABORATÓRIO DE ANÁLISES AMBIENTAIS - LS17;SAASL17
SB - BL DELTA - 3º ANDAR - S376;SBDELTA03S376
SA - BL L - 5º ANDAR - MICROFABRICAÇÃO - L501;SAL05L501
SB - BL DELTA - 3º ANDAR - S326;SBDELTA03S326
SB - BL DELTA - 2º ANDAR - S237;SBDELTA02S237
SB - BL ZETA - 3º ANDAR - LABORATÓRIO DIDÁTICO SECO - L303;SBZETA03L303
SB - BL ZETA - 3º ANDAR - LABORATÓRIO DIDÁTICO SECO - L305;SBZETA03L305
SA - BL A - TORRE 1 - 6º ANDAR - S617-1;SAAT106S617
SA - BL A - TORRE 1 - 5º ANDAR - LABORATÓRIO DE MATERIAIS II - L505-1;SAAT105L505
SA - BL A - TORRE 3 - 6º ANDAR - SALA DE TRANSIÇÃO DO CCNH - R604-3;SAAT306R604
SA - BL A - TORRE 3 - 6º ANDAR - R603-3;SAAT306R603
SA - BL A - 1º ANDAR - A113-0;SAA01A113
SA - BL A - 1º ANDAR - A114-0;SAA01A114
SA - BL A - TORRE 2 - 3º ANDAR - S301-2;SAAT203S301
SA - BL A - TORRE 2 - 3º ANDAR - S310-2;SAAT203S310
SA - BL A - TORRE 3 - 3º ANDAR - S301-3;SAAT303S301
SA - BL A - TORRE 1 - 6º ANDAR - S638-1;SAAT106S638
SA - BL A - TORRE 3 - 6º ANDAR - SALA DE DOCENTE - S638-3;SAAT306S638
SB - BL ZETA - 2º ANDAR - S208;SBZETA02S208
SA - BL B - 10º ANDAR - S1013;SAB10S1013
SA - BL A - TORRE 3 - 3º ANDAR - S302-3;SAAT303S302
SA - BL A - TORRE 3 - 3º ANDAR - S303-3;SAAT303S303
SA - BL A - TORRE 3 - 3º ANDAR - S305-3;SAAT303S305
SA - BL A - TORRE 3 - 3º ANDAR - S306-3;SAAT303S306
SA - BL A - TORRE 3 - 3º ANDAR - S307-3;SAAT303S307
SA - BL A - TORRE 3 - 6º ANDAR - S642-3;SAAT306S642
SA - BL B - 8º ANDAR - S801;SAB08S801
SA - BL A - TORRE 3 - 3º ANDAR - S304-3;SAAT303S304
SA - BL A - TORRE 1 - 3º ANDAR - S301-1;SAAT103S301
SA - BL A - TORRE 1 - 7º ANDAR - SALA DE DOCENTE - S733-1;SAAT107S333
SA - BL A - TORRE 3 - 3º ANDAR - S308-3;SAAT303S308
SA - BL A - TORRE 3 - 3º ANDAR - S309-3;SAAT303S309
SA - BL A - TORRE 3 - 3º ANDAR - S310-3;SAAT303S310
SA - BL A - TORRE 3 - 3º ANDAR - S311-3;SAAT303S311
SA - BL A - TORRE 1 - 3º ANDAR - S303-1;SAAT103S303
SA - BL A - TORRE 1 - 3º ANDAR - S304-1;SAAT103S304
SA - BL A - TORRE 1 - 3º ANDAR - S306-1;SAAT103S306
SA - BL A - TORRE 1 - 3º ANDAR - S307-1;SAAT103S307
SA - BL A - TORRE 1 - 3º ANDAR - S309-1;SAAT103S309
SA - BL A - TORRE 1 - 3º ANDAR - S311-1;SAAT103S311
SA - BL A - TORRE 2 - 3º ANDAR - S302-2;SAAT203S302
SA - BL A - TORRE 2 - 3º ANDAR - S303-2;SAAT203S303
SA - BL A - TORRE 2 - 3º ANDAR - S304-2;SAAT203S304
SA - BL A - TORRE 2 - 3º ANDAR - S305-2;SAAT203S305
SA - BL A - TORRE 2 - 3º ANDAR - S306-2;SAAT203S306
SA - BL A - TORRE 2 - 3º ANDAR - S307-2;SAAT203S307
SA - BL A - TORRE 2 - 3º ANDAR - S308-2;SAAT203S308
SA - BL A - TORRE 2 - 3º ANDAR - S311-2;SAAT203S311
SA - BL B - 5º ANDAR - S501;SAB05S501
SA - BL B - 5º ANDAR - S502;SAB05S502
SA - BL B - 5º ANDAR - S503;SAB05S503
SA - BL B - 5º ANDAR - S504;SAB05S504
SA - BL B - 6º ANDAR - L604;SAB06S604
SA - BL B - 7º ANDAR - L704;SAB07S704
SA - BL L - 7º ANDAR - S703;SAL07S703
SA - BL A - TORRE 3 - 6º ANDAR - SALA DE DOCENTE - S641-3;SAAT306S641
SA - BL B - 4º ANDAR - PRÓ-REITORIA DE PÓS-GRADUAÇÃO - S401;SAB04S401
SA - BL A - TORRE 3 - 5º ANDAR - LAB. DE SISTEMÁTICA E DIVERSIDADE - L501-3;SAAT305L501
SA - BL A - TORRE 1 - 7º ANDAR - SALA DE DOCENTE - S716;SAAT107S716
SA - BL A - TORRE 3 - 6º ANDAR - DIVISÃO ACADÊMICA DO CCNH;SAAT306SDAC
SA - BL A - TORRE 3 - 6º ANDAR - DIVISÃO ADMINISTRATIVA DO CCNH;SAAT306SDAD
SA - BL A - TORRE 1 - 6º ANDAR - SALA DE DOCENTE - S636-1;SAAT106S636
SA - BL B - 9º ANDAR - S925;SAB09S925
SA - BL A - TORRE 1 - 5º ANDAR - LABORATÓRIO DE BIOCOMBUSTÍVEIS - L501-1;SAAT105L501
SB - BL DELTA - 3º ANDAR - SALA DE DOCENTE - S312;SBDELTA03S312
SA - BL B - 8º ANDAR - S808;SAB08S808
SA - BL A - TORRE 1 - 6º ANDAR - S607-1;SAAT106S607
SA - BL A - TORRE 2 - 5º ANDAR - S547-2;SAAT205S547
SA - BL A - TORRE 1 - 4º ANDAR - L401-1;SAAT104L401
SB - BL DELTA - 2º ANDAR - SALA DE DOCENTE - S287;SBDELTA02S287
SA - BL A - TORRE 2 - 4º ANDAR - LABORATÓRIO DE SISTEMAS COMPUTACIONAIS - L402-2;SAAT204L402
SA - BL A - TORRE 2 - 5º ANDAR - S548-2;SAAT205S548
SA - BL B - 10º ANDAR - ILHA DE IMPRESSÃO;SAB10ACILHA
SA - BL H - TÉRREO - ÁREA COMUM;SAH00AC0
SB - BL DELTA - 2º ANDAR - S282;SBDELTA02S282
SB - BL DELTA - 2º ANDAR - S226;SBDELTA02S226
SA - BL A - TORRE 3 - 6º ANDAR - S624-3;SAAT306S624
SA - BL A - TORRE 3 - 6º ANDAR - S607-3;SAAT306S607
SB - BL TAU - 3º ANDAR - S302;SBTAU03S302
SA - BL A - TORRE 1 - 7º ANDAR - SALA DE DOCENTE - S742-1;SAAT107S742
SA - BL B - TÉRREO - OFICINA;SAB00LOFICINA
SA - BL B - 8º ANDAR - SALA DE DOCENTE - S817;SAB08S817
SA - BL B - 8º ANDAR - SALA DE DOCENTE - S807;SAB08S807
SA - BL A - TORRE 1 - 1º ANDAR - GABINETE DA REITORIA;SAAT101S
SB - BL TAU - 3º ANDAR - S305;SBTAU03S305
SA - BL A - 2º ANDAR - ASSESSORIA DE COMUNICAÇÃO E IMPRENSA - ACI;SAA02SACI
SA - BL J - TÉRREO - ALMOXARIFADO DA DIVISÃO DE PATRIMÔNIO;SAJ00DP1
SA - BL J - TÉRREO - ALMOXARIFADO DA DIVISÃO DE SUPRIMENTOS E ALMOXARIFADO;SAJ00DP2
SB - BL DELTA - 3º ANDAR - SALA DE DOCENTE - S353;SBDELTA03S353
SB - BL ZETA - 1º ANDAR - LAB. DE ENGENHARIA BIOMÉDICA - L107;SBZETA01L107
SA - BL A - TORRE 1 - TÉRREO - GABINETE DA PROGRAD (ADM0004);SAAT100SGPROGRAD
SB - BL DELTA - TÉRREO - PROEC - S021A;SBDELTA00S021A
SA - BL A - TORRE 2 - 5º ANDAR - S506-2;SAAT205S506
SA - BL B - 8º ANDAR - S812;SAB08S812
SA - BL A - TORRE 1 - 6º ANDAR - S647-1;SAAT106S647
SA - BL A - TORRE 1 - 5º ANDAR - LAB. DE SIST. DINÂMICOS E EFI. ENER. - L504-1;SAAT105L504
SA - BL A - SUBSOLO - PREFEITURA UNIVERSITÁRIA (PU) - SS14;SAASSPU
SA - BL L - SUBSOLO - L002;SALSL2
SB - BL DELTA - 2º ANDAR - S230;SBDELTA02S230
SB - BL DELTA - 2º ANDAR - S254;SBDELTA02S254
SA - BL A - TORRE 2 - 6º ANDAR - S604-2;SAAT206S604
SA - BL A - TORRE 1 - 7º ANDAR - S749-1;SAAT107S749
SA - BL A - 02º ANDAR - CGFC;SAA02SCGFC
SA - BL A - 02º ANDAR - PROAD;SAA02SPROAD
SA - BL A - TORRE 3 - 4º ANDAR - S404-3;SAAT304S404
SA - BL A - TORRE 1 - 6º ANDAR - S646-1;SAAT106S646
SA - BL B - 2º ANDAR - CENTRAL COMPUTACIONAL MULTIUSUÁRIO - L207;SAB02L207
SA - BL A - TORRE 1 - 6º ANDAR - S644-1;SAAT106S644
SA - BL A - TORRE 3 - 6º ANDAR - S640-3;SAAT306S640
SB - BL DELTA - TÉRREO - LAB. DE ESTUDOS E PROJ. URB. E REG. - L015;SBDELTA00L015
SA - BL A - SUBSOLO - LABORATÓRIO DE INTELIGÊNCIA ARTIFICIAL - LS01;SAASLS01
SA - BL A - 2º ANDAR - ZELADORIA;SAA02SZL
SB - BL ALPHA - TÉRREO - SEÇÃO DE SEGURANÇA COMUNITÁRIA - S18;SBALPHA00S18
SA - BL A - TORRE 3 - 6º ANDAR - SALA DE DOCENTE - S646-3;SAAT306S646
SA - BL A - 1º ANDAR - SALA DE REUNIÕES SECRETARIA GERAL;SAA01RSG
SA - BL A - TORRE 2 - 4º ANDAR - LAB. HARDWARE E ROBÓTICA - L406-2;SAAT204L406
SA - BL B - 10º ANDAR - SALA DE DOCENTE - S1045;SAB10S1045
SA - BL L - 3º ANDAR - AUDITÓRIO CARLOS CHAGAS;SAL03ACARLOSCHAGAS
SA - BL A - SUBSOLO - SALA DE REUNIÃO DA CORREGEDORIA - S2;SAASR2
SA - BL L - 4º ANDAR - LAB. DE OTIMIZAÇÃO E ANÁL. DE SIST. DE ENER. ELÉT. - L406;SAL04L406
SA - BL B - 10º ANDAR - S1053;SAB10S1053
SA - BL A - TORRE 2 - 5º ANDAR - SALA DE PROFESSORES VISITANTES - S550-2;SAAT205S550
SA - BL L - 1º ANDAR - ENTIDADES: UFABC JR./IEEE - L112;SAL01L112
SA - BL B - TÉRREO;SAB00
SB - BL ZETA - 2º ANDAR - S209;SBZETA02S209
SB - BL TAU - 2º ANDAR - S202;SBTAU02S202
SB - BL DELTA - 1º ANDAR - DEPÓSITO DA EDITORA - 11C;SBDELTA01DP11C
SB - BL DELTA - 2º ANDAR - S269;SBDELTA02S269
SA - BL A - TORRE 3 - 7º ANDAR - LAB. CRISTALOGRAFIA CARACT. ESTR. MAT. - L704-3;SAAT307L704
SA - BL A - TÉRREO - PRÓ-REITORIA DE EXTENSÃO E CULTURA - S003-0;SAA00S003
SA - BL A - TÉRREO - PRÓ-REITORIA DE EXTENSÃO E CULTURA - S001-0;SAA00S001
SB - BL ALPHA - TÉRREO;SBALPHA00
SA - BL B - 10º ANDAR - SALA DE DOCENTE - S1049;SAB10S1049
SA - BL A - SUBSOLO - LAB. INTERD. PESQUISA EM ENSINO DE CIÊNCIAS - LS22;SAASL22
SA - BL A - TORRE 3 - 5º ANDAR - LAB. DE BIOL. MOLEC., BIOMAT. E MATER. - L507-3;SAAT305S507
SB - BL DELTA - 1º ANDAR - LAB. DE EVOLUÇÃO E DIVERSIDADE II - L102;SBDELTA01LL102
SB - BL DELTA - 3º ANDAR - SALA DE DOCENTE - S369;SBDELTA03SS369
SA - BL L - SUBSOLO - TELECOM;SALSTL
SA - BL B - 7º ANDAR - LABORATORIO FUTURENET / @NUVEM - L703A;SAB07L703A
SA - BL A - TORRE 3 - 7º ANDAR - LAB. DE NANOESTRUTURAS PARA BIOLOGIA E MATERIAI;SAAT307L703
SA - BL B - TÉRREO - ABCSIM;SAB00LL206
SA - BL B - 11º ANDAR - GRUPO DE ASTROPARTICULAS;SAB11LL1101
SA - BL B - 2º ANDAR - LAB. DE ELETROQUIMICA DE SUPERFICIES E INTERFACES;B02L201
SB - BL ALPHA - 3º ANDAR - SALA DE ESTUDOS - E301;SBALPHA03SE301
SB - BL DELTA - 1º ANDAR - LAB. DE ORGANISMOS PATOGENICOS - L105;SBDELTA01LL105
SB - BL DELTA - 2º ANDAR - TELECOM - TEL1;SBDELTA02TL1
SA - BL L - 7º ANDAR - DATA CENTER - S709;SAL07S709
SA - BL A - TORRE 3 - 5º ANDAR - LAB. DE SINTESE E FISICO-QUIMICA ORG. - L505-3;SAAT305L505
SA - BL B - 2º ANDAR - LAB. FOTOQUIMICA, FOTOFISICA E CONV. ENERGIA - L202;SAB02L202
SA - BL A - TORRE 3 - 5º ANDAR - LAB. DE FISICA DA MATERIA CONDENSADA I - L506-3;SAAT305L506
SA - BL A - TORRE 3 - 5º ANDAR - LAB. DE PROSPECÇÃO E CARACT. DE COMP - L503-3;SAAT305L503
SA - BL L - 5º ANDAR - LAB. DE BIOLOGIA QUIMICA - L507;SAL05L507
SB - BL ALPHA - 1º ANDAR - S102;SBALPHA01S102
SB - BL ALPHA - 3º ANDAR - LABORATÓRIO DIDÁTICO ÚMIDO - L302;SBALPHA03L302
SB - BL ALPHA - 3º ANDAR - LABORATÓRIO DIDÁTICO ÚMIDO - L301;SBALPHA03L301
SB - BL ZETA - 3º ANDAR - LABORATÓRIO DE ELETRÔNICA - L304;SBZETA03L304
SB - BL ZETA - 3º ANDAR - LABORATÓRIO DE TERMO-FLUIDO - L302;SBZETA03L302
SB - BL ZETA - 3º ANDAR - LABORATÓRIO DE BASES E EQUIPAMENTOS MÉDICOS - L307;SBZETA03L307
SA - BL A - TORRE 2 - 5º ANDAR - S511-2;SAAT205S511
SA - BL B - 1º ANDAR - LAB. DE COMPÓSITOS E CARACTERIZAÇÃO DE POLÍMEROS - L101;SAB01L101
SA - BL A - TORRE 3 - 4º ANDAR - L404-3;SAAT304L404
SÃO BERNARDO DO CAMPO - AMBIENTES EXTERNOS - PORTARIAS;SBEXTP
SA - BL A - TORRE 1 - 7º ANDAR - S701-1;SAAT107S701
SB - BL ALPHA - TÉRREO - CENTRAL DE ATENDIMENTO AO ESTUDANTE - CAE;SBALPHA00SCAE
LAB. INTERDISCIPLINAR DE MANUFATURA - L001;SBOMEGA00L001
SA - BL L - TÉRREO - TELECOM - TL00;SAL00TL0
SA - BL B - TÉRREO - SALA DE CONTROLE REMOTA DO EXPERIMENTO CMS DO LHC;SAB00SMEZANINO - 2
SA - BL A - TORRE 3 - 5º ANDAR - LAB. CIÊNCIAS ÔMICAS E BIOINFORMÁTICA - L504-3;SAAT305L504
SB - BL GAMA - TÉRREO - RESTAURANTE UNIVERSITÁRIO;SBGAMA00RU
SA - BL B - 3º ANDAR - S302A;SAB03S302A
SA - BL L - 1º ANDAR - TELECOM - TL01;SAL01TL1
SA - BL B - 3º ANDAR - PIBID - S302B;SAB03S302B
SA - BL A - TORRE 2 - 6º ANDAR - S604-2 - CMCC;SAAT206SCMCC
SA - BL A - TORRE 3 - 6º ANDAR - S604-3;SAAT306S604
SB - BL TAU - 3º ANDAR - S301;SBTAU03S301
SA - BL A - TORRE 1 - 5º ANDAR - L506-1;SAAT105L506
SA - BL A - TORRE 1 - 7º ANDAR - S717-1;SAAT107S717
SA - BL A - TORRE 2 - 5º ANDAR - S544-2;SAAT205S544
SA - BL A - TORRE 3 - 6º ANDAR - S615-3;SAAT306S615
SA - BL A - TORRE 1 - 6º ANDAR - S609-1;SAAT106S609
SA - BL A - TORRE 3 - 6º ANDAR - S630-3;SAAT306S630
SA - BL L - 2º ANDAR - LABORATÓRIO DE CARACERIZAÇÃO DE MATERIAIS - L202;SAL02L202
SB - BL DELTA - 1º ANDAR - LABORATÓRIO DE NEUROGENÉTICA - L112;SBDELTA01L112
SA - BL L - 1º ANDAR - LAB. OTIMIZ., COMBINAT. E ALGORIT. - L106;SAL01L106
SB - BL DELTA - 3º ANDAR - S324;SBDELTA03S324
SB - BL DELTA - 3º ANDAR - S314;SBDELTA03S314
SB - BL ALPHA - 2º ANDAR - S204;SBALPHA02S204
SA - BL A - 1º ANDAR - SECRETARIA GERAL;SAA01SSG
SA - BL A - TÉRREO - CENTRAL DE CHAVES E VIGILÂNCIA (ADM0015);SAA00SVIGILANCIA
SB - BL BETA - TÉRREO - A003;SBBETA00A003
SA - BL A - TORRE 1 - 7º ANDAR - DIVISÃO ACADÊMICA DO CECS - R703-1;SAAT107R703
SA - BL A - TORRE 3 - 6º ANDAR - S612-3;SAAT306S612
SA - BL L - 3º ANDAR - PROPES;SAL03SPROPES
SA - BL A - TORRE 3 - 6º ANDAR - S617-3;SAAT306S617
SA - BL A - TORRE 2 - 5º ANDAR - S512-2;SAAT205S512
SB - BL ÔMEGA - TÉRREO - LABORATÓRIO DIDÁTICO SECO - L010;SBOMEGA00L010
SA - BL A - TORRE 2 - 5º ANDAR - S534-2;SAAT205S534
SB - BL ALPHA - 2º ANDAR - SALA DE ESTUDOS - E201;SBALPHA02SE201
SA - BL A - TORRE 3 - 3º ANDAR - S317-3;SAAT303S317
SA - BL A - TORRE 3 - 6º ANDAR - S619-3;SAAT306S619
SA - BL A - 1º ANDAR - AUDITORIA INTERNA;SAA01SAUDIN
SB - BL ZETA - 2º ANDAR - S211;SBZETA02S211
SA - BL B - 2º ANDAR - LAB. DE QUIMICA E BIOQUIMICA;SAB02L203
SB - BL DELTA - 1º ANDAR - LAB. DE BIOLOGIA MOLECULAR E BIOQUIMICA;SBDELTA01LL107
SB - BL DELTA - 1º ANDAR - LAB. DE MORFOFISIOLOGIA EXPERIMENTAL;SBDELTA01LL104
SB - BL DELTA - 1º ANDAR - LAB. DE SISTEMAS BIOLOGICOS E GENOMICA;SBDELTA01LL106
SB - BL DELTA - 1º ANDAR - LAB. DE EVOLUÇÃO E DIVERSIDADE III - L103;SBDELTA01LL103
SB - BL DELTA - 1º ANDAR - LAB. DE EVOLUÇÃO E DIVERSIDADE I - L101;SBDELTA01LL101
SB - BL TAU - 1º ANDAR - S106;SBTAU01S106
SB - BL ÔMEGA - TÉRREO - LAB. MULTIMÍDIA/SINAIS - L002;SBOMEGA00L002
SB - BL ALPHA - TÉRREO - ZELADORIA II;SBALPHA00SZELADORIA2
SA - BL A - TORRE 1 - 7º ANDAR - SALA DE DOCENTE - S718-1;SAAT107S718
SB - BL ZETA - TÉRREO - L003 - LAB. DE FILOSOFIA;SBZETA00LL003
SA - BL L - 2º ANDAR - TELECOM - TL02;SAL02TL2
SB - BL ZETA - TÉRREO - LAB. DE BIODIVERSIDADE E CIENCIA CIDADÃ;SBZETA00LL005
SA - BL A - TORRE 2 - 5º ANDAR - S521-2;SAAT205S521
SA - BL A - TORRE 2 - 5º ANDAR - S523-2;SAAT205S523
SB - BL ZETA - 1º ANDAR - LAB. TERMITOLAB - L101-103;SBZETA01L101-103
SB - BL ZETA - 1º ANDAR - LAB. DE PALEONTOLOGIA DE VERTEBRADOS - L101-103;SBZETA01L101-L103
SB - BL DELTA - 2º ANDAR - S241;SBDELTA02S241
SA - BL L - 6º ANDAR - LAB. PROCESSAMENTO DE CERÂMICOS - L608;SAL06L608
SA - BL B - 10º ANDAR - SALA DE DOCENTE - S1005;SAB10S1005
SA - BL L - SUBSOLO - LAB. - BLOCO L - SUBSOLO - L009;SALSL009
SA - BL L - 3º ANDAR - LAB. DE BIOQUIMICA E VASCULAR - L308;SAL03L308
SA - BL L - 2º ANDAR - LAB. ABCSIM - L208;SAL02L208
SA - BL L - 2º ANDAR - LAB. DE ASTROFISICA - L207;SAL02L207
SA - BL L - 6º ANDAR - LAB. DE BIOFISICA MOLEC-INTERFACE FISICA BIOLOGIA - L603;SAL06L603
SA - BL L - 3º ANDAR - LAB. DE BIOTECNOLOGIA VERDE - L302;SAL03L302
SA - BL L - 2º ANDAR - LAB. DE CIENCIAS E TECNOL. EM INFORM. QUANTICA - L215;SAL02L215
SA - BL L - 4º ANDAR - LAB. DE ELETROANALIT. MOLEC. E ATOMICA - L407;SAL04L407
SA - BL L - 6º ANDAR - LAB. DE FABRICAÇÃO DE NANO-DISPOSITIVOS - L609;SAL06L609
SA - BL L - 2º ANDAR - LAB. DE FISICA TEORICA - PARTIC. ELEMENT. E CAMPOS - L213;SAL02L213
SA - BL L - 2º ANDAR - LAB. DE INTER. ELEM., COLET. E SIST. FORT. CORREL. - L211;SAL02L211
SA - BL L - 7º ANDAR - LAB. DE NOV. MATER. DE CARB.: GRAFENO - L708;SAL07L708
SA - BL L - 7º ANDAR - LAB. DE PROC E CARACT. DE MATER. AVANÇ. - L712;SAL07L712
SA - BL L - 7º ANDAR - S705;SAL07S705
SA - BL L - 6º ANDAR - LAB. BIONANO & METALS - L605;SAL06L605
SA - BL L - 3º ANDAR - LAB. DE MICROBIOL. INDUSTR. E BIOTECNOLOGIA - L310;SAL03L310
SA - BL L - 5º ANDAR - LAB. DE CATALISE E SINTESE ORGANICA - L506;SAL05L506
SB - BL ZETA - TÉRREO - LAB. CARACT. DE BIOMATERIAIS E TECIDOS BIOLÓGICOS - L002;SBZETA00L002
SA - BL L - 2º ANDAR - LAB. INTEGRAÇÃO SISTEMAS AMBIENTAIS E URBANOS - L205;SAL02L205
SA - BL A - TORRE 2 - 5º ANDAR - S503-2;SAAT205S503
SB - BL DELTA - 3º ANDAR - S342;SBDELTA03S342
SB - BL TAU - TÉRREO - LABORATÓRIO DIDÁTICO DE INFORMÁTICA - L003;SBTAU00L003
SA - BL A - TORRE 3 - 4º ANDAR - LABORATÓRIO DE ANÁLISE INSTRUMENTAL - L406-3;SAAT304L406
SA - BL A - TÉRREO - DIVISÃO DE ASSISTÊNCIA ESTUDANTIL (ADM0012);SAA00SDAE
SA - BL L - 4º ANDAR - NUC-LAB: LAB. INTERDISC. ENERGIA NUCLEAR (EE) - L401;SAL04LL401
SA - BL A - TÉRREO - DIVISÃO DE SEGURANÇA COMUNITÁRIA - S000-0;SAA00S000
SA - BL A - TORRE 1 - 4º ANDAR - L410-1;SAAT104L410
SB - BL DELTA - 1º ANDAR - BIOTÉRIO - L121;SBDELTA01L121
SB - BL TAU - 2º ANDAR - S205;SBTAU02S205
SB - BL DELTA - 1º ANDAR - LABORATÓRIO DE ESTUDOS DO COMPORTAMENTO - L120;SBDELTA01L120
SB - BL DELTA - 1º ANDAR - NEUROLOGIA EXPERIMENTAL - L116;SBDELTA01L116
SB - BL ALPHA - 2º ANDAR - S206;SBALPHA02S206
SA - BL B - 8º ANDAR - SALA DE DOCENTE - S804;SAB08S804
SA - BL EXT - DATA CENTER - SGI/ICE CUBE;SAEXTSGI
SA - BL A - TORRE 1 - 6º ANDAR - S621-1;SAAT106S621
SA - BL A - TORRE 3 - 4º ANDAR - L403-3;SAAT304L403
SB - BL ZETA - 2º ANDAR - S212;SBZETA02S212
SB - BL DELTA - 3º ANDAR - SALA DE DOCENTE - S381;SBDELTA03S381
SA - BL A - TORRE 1 - 4º ANDAR - L407-1;SAAT104L407
SA - BL A - TORRE 1 - 4º ANDAR - L408-1;SAAT104L408
SA - BL A - TORRE 1 - 5º ANDAR - L507-1;SAAT105L507
SA - BL B - 7º ANDAR - L701;SAB07L701
SA - BL B - 7º ANDAR - L705;SAB07L705
SA - BL B - 7º ANDAR - L706;SAB07L706
SA - BL A - TORRE 3 - 4º ANDAR - LABORATÓRIO DIDÁTICO SECO - L401-3;SAAT304L401
SA - BL A - TORRE 1 - 4º ANDAR - LABORATÓRIO DE COMUNICAÇÃO SEM FIO - L403-1;SAAT104L403
SA - BL A - SUBSOLO - LAB. PESQUISAS EM EDUCAÇÃO CIENTÍFICA - LS19A;SAASL19_A
SA - BL A - SUBSOLO - LAB. ESPECTROSC. ÓPTICA E ELETRÔN. - LS19B;SAASL19_B
SA - BL B - 5º ANDAR - TELECOM - TEL05;SAB05TL5
SB - BL DELTA - 2º ANDAR - S203;SBDELTA02S203
SA - BL A - TORRE 1 - 7º ANDAR - S712-1;SAAT107S712
SB - BL ALPHA - 1º ANDAR - S105;SBALPHA01S105
SB - BL DELTA - 2º ANDAR - S260;SBDELTA02S260
SB - BL DELTA - 3º ANDAR - S311;SBDELTA03S311
SA - BL A - TÉRREO - ASSESSORIA DE RELAÇÕES INTERNACIONAIS - S007-0;SAA00S007
SB - BL DELTA - 2º ANDAR - S281;SBDELTA02S281
SA - BL L - 4º ANDAR - LAB. ACIONAMENTOS E CONV. ELETR. POTÊNCIA - L402;SAL04L402
SB - BL DELTA - TÉRREO - LABORATÓRIO DE PLANEJAMENTO - LAPLAN - L014;SBDELTA00L004
SA - BL L - 6º ANDAR - LAB. DE SÍNTESE DE MATERIAIS CERÂMICOS - L606;SAL06L606
SA - BL L - 7º ANDAR - LAB. DE POLÍMEROS FUNCIONAIS - L704;SAL07L704
SA - BL L - 5º ANDAR - LAB. DE ANÁL. E TRANSF. ENERG. DE COMB. (EE) - L503;SAL05L503
SA - BL A - SUBSOLO - LAB. PROCESSAMENTO DE POLÍMEROS - LS06;SAASL06
SA - BL A - SUBSOLO - LAB. ENGENHARIA DE MACROMOLÉCULAS - LS05;SAASL05
SA - BL A - TORRE 1 - 6º ANDAR - S633-1;SAAT106S633
SA - BL L - 4º ANDAR - LAB. SISTEMAS ELETR. FOTÔNICOS E INTELIGENTES - L403;SAL04L403
SA - BL L - 7º ANDAR - LAB. ANTENAS E RF - L706;SAL07L706
SA - BL L - 4º ANDAR - LAB. JUSTIÇA TERRITORIAL - L410B;SAL04L410B
SA - BL A - TORRE 1 - 6º ANDAR - S627-1;SAAT106S627
SA - BL A - TORRE 3 - 6º ANDAR - S627-3;SAAT306S627
SA - BL H - TÉRREO - DEPÓSITO DA PREFEITURA UNIVERSITÁRIA;SAH00DPPU
SA - BL A - 2º ANDAR - DAEP;SAA02SDAEP
SB - BL ZETA - TÉRREO - LAB. EQUIPAMENTOS MÉDICOS - L011;SBZETA00L011
SA - BL A - TORRE 3 - 6º ANDAR - S623-3;SAAT306S623
SA - BL L - 5º ANDAR - LAB. DE EQUIP. MULTIUSUÁRIOS DO CCNH - L506A;SAL05L506A
SB - BL DELTA - 2º ANDAR - S215;SBDELTA02S215
SB - BL BETA - BIBLIOTECA;SBBETABIBLIOTECA
SB - BL ZETA - TÉRREO - LAB. EQUIPAMENTOS MÉDICOS - L013;SBZETA00L013
SA - BL A - TORRE 3 - 6º ANDAR - S628-3;SAAT306S628
SA - BL L - SUBSOLO - LAB. DE MATERIAIS PARA ENERGIA (EM) - L001;SALSL001
SA - BL L - SUBSOLO - LAB. DE BIOFABRICAÇÃO E SISTEMAS DE MANUFATURA (EG) - L004;SALSL004
SA - BL L - 1º ANDAR - LAB.TENDÊNCIAS DE PESQ. EM EDUCAÇÃO MAT. - L110;SAL01L110
SA - BL L - 1º ANDAR - LAB. SIST. DE VISÃO COMPUT. E DE ALTO DESEMP. - L104;SAL01L104
SB - BL ZETA - 1º ANDAR - LAB. INFORMAÇÃO - L104;SBZETA01L104
SB - BL DELTA - 1º ANDAR - LAB. COGNIÇÃO HUMANA - L109;SBDELTA01L109
SA - BL L - 4º ANDAR - LAB.TÉC.ESPEC. E ELETR., SEPAR. E INSTR. (LATESI) - L405;SAL04L405
SA - BL L - 6º ANDAR - LAB. - BLOCO L - 6º ANDAR - L613;SAL06L613
SB - BL DELTA - TÉRREO - LAB. DESENVOLVIMENTO DE PROJETOS - L005;SBDELTA00L005
SA - BL L - 2º ANDAR - LAB. DE FISICA DE PARTIC. ELEMENT E ALTAS ENERGIAS - L214;SAL02L214
SA - BL L - 2º ANDAR - LAB. MULTIDISCIPLINAR DE PESQUISA - L204;SAL02L204
SA - BL L - 6º ANDAR - LAB. DE COMPOSTOS BIOATIVOS - L602;SAL06L602
SA - BL L - 7º ANDAR - S701;SAL07S701
SA - BL L - 2º ANDAR - PROC. DE SINAIS/SIMULAÇÃO E MODELAGEM - L209;SAL02L209
SB - BL DELTA - 2º ANDAR - S235;SBDELTA02S235
SB - BL DELTA - 1º ANDAR - HERBÁRIO - L103C;SBDELTA01L103C
SA - BL A - TÉRREO - S004-0;SAA00S004
SA - BL A - TÉRREO - S006-0;SAA00S006
SA - BL A - TÉRREO - S008-0;SAA00S008
SA - BL A - 2º ANDAR - A211-0;SAA02A211
SA - BL B - 10º ANDAR - S1019;SAB10S1019
SA - BL A - TORRE 1 - 6º ANDAR - S631-1;SAAT106S631
SB - BL DELTA - TÉRREO - SUGEPE - S011B;SBDELTA00S011B
SA - BL A - TORRE 1 - 6º ANDAR - S618-1;SAAT106S618
SA - BL A - TÉRREO - DIV. SISTEMAS SEGURANÇA INFORMAÇÕES - S005-0;SAA00S005
SA - BL A - TÉRREO - S002-0;SAA00L002
SA - BL A - TORRE 3 - 6º ANDAR - S633-3;SAAT306S633
SA - BL B - 10º ANDAR - S1050;SAB10S1050
SA - BL A - TORRE 3 - 4º ANDAR - LABORATÓRIO DIDÁTICO ÚMIDO - L402-3;SAAT304L402
SB - BL ZETA - 3º ANDAR - LABORATÓRIO DE BIOMATERIAIS - L308;SBZETA03L308
SA - BL A - TORRE 1 - 7º ANDAR - SALA DE DOCENTE - S707-1;SAAT107S707
SA - BL A - TORRE 3 - 4º ANDAR - LABORATÓRIO DIDÁTICO ÚMIDO - L408-3;SAAT304L408
SB - BL DELTA - 1º ANDAR - LABORATÓRIO DE NEUROHISTOLOGIA - L113;SBDELTA01L113
SB - BL DELTA - TÉRREO - LABORATÓRIO DE NEUROCIÊNCIA APLICADA - L007;SBDELTA00L7
LABORATÓRIO DIDÁTICO DE INFORMÁTICA - L409-2;SAAT204L409
SA - BL C - TÉRREO - DIVISÃO OPERACIONAL DA BIBLIOTECA SA;SAC00SDOSA
SA - BL B - 10º ANDAR - S1004;SAB10S1004
SB - BL BETA - TÉRREO - A001;SBBETA00A001
SA - BL A - TORRE 3 - SUBSOLO - LAB. REDES INTELIGENTES (LARI) - LS27 - SL01;SAAT3SLLS27-1
SA - BL A - DEP. DA PRÓ-REIT DE ASSUNTOS COMUNITÁRIOS E POLÍTICAS AFIRM. - PROAP;SAADPDPPROAP
NAO USAR;SAL06L506
SA - BL A - TÉRREO - PRO-REITORIA DE ASSUNTOS COMUNIT E POLÍT. AFIRM. - S07;SAA00S7
SB - BL DELTA - 2º ANDAR - SALA DE DOCENTE - 258;SBDELTA02S258
SB - BL DELTA - 2º ANDAR - SALA DE DOCENTE - 271;SBDELTA02S271
SB - BL TAU - 1º ANDAR - S103;SBTAU01S103
SA - BL L - 3º ANDAR - AGÊNCIA DE INOVAÇÃO - 31;SAL03S31
SA - BL L - 1º ANDAR - NEUROCOMPUTAÇÃO E SOFTWARE LIVRE - L103;SAL01L103
SB - BL DELTA - 3º ANDAR - S335;SBDELTA03S335
SA - BL B - 10º ANDAR - S1037;SAB10S1037
SA - BL A - TORRE 2 - 5º ANDAR - S541-2;SAAT205S541
SB - BL DELTA - 3º ANDAR - SALA DE DOCENTE - S360;SBDELTA03S360
SA - BL A - TORRE 1 - 7º ANDAR - S740-1;SAAT107S740
SA - BL B - 5º ANDAR - LABORATÓRIO DIDÁTICO DE INFORMÁTICA - L503;SAB05L503
SA - BL A - TORRE 1 - 7º ANDAR - SALA DE DOCENTE - S747-1;SAAT107S747
SA - BL B - 11º ANDAR - SALA DE REUNIÃO DA PROAP;SAB11SREUNIAO
SA - BL L - 3º ANDAR - NÚCLEO EDUCACIONAL DE TECNOLOGIAS E LÍNGUAS (NETEL);SAL03SNETEL
SA - BL L - SALAS DE DEPÓSITO DA SUPERINTENDÊNCIA DE OBRAS (SPO);SALDPSPO
SA - BL A - TORRE 1 - 6º ANDAR - S624-1;SAAT106S624
SA - BL L - 6º ANDAR - LAB. MATERIAIS PARA ENERGIA (EE) - L607;SAL06L607
SA - BL A - TORRE 1 - 7º ANDAR - S726-1;SAAT107S726
SA - BL B - 10º ANDAR - S1028;SAB10S1028
SA - BL A - TORRE 1 - 5º ANDAR - S547-1;SAAT105S547
SA - BL A - TORRE 2 - 5º ANDAR - S520-2;SAAT205S520
SA - BL A - TORRE 1 - 6º ANDAR - S626-1;SAAT106S626
SB - BL ALPHA - 3º ANDAR - LABORATÓRIO DIDÁTICO SECO - L306;SBALPHA03L306
SB - BL ALPHA - TÉRREO - COPA DOS SERVIDORES;SBALPHA00CP
SA - BL A - TORRE 3 - 6º ANDAR - S603-3;SAAT306S603
SA - BL B - 4º ANDAR - S408;SAB04S408
SA - BL B - 10º ANDAR - S1017A;SAB10S1017A
SA - BL L - SUBSOLO - LABORATÓRIO DE AUTOMAÇÃO DA MANUFATURA (IAR) - L003;SALSL3
SA - BL A - TORRE 2 - 5º ANDAR - SALA DE DOCENTE - S518-2;SAAT205S518
SA - BL A - TORRE 2 - 5º ANDAR - SALA DE DOCENTE - S508-2;SAAT205S508
SA - BL A - TORRE 2 - 5º ANDAR - S505-2;SAAT205S505
SA - BL B - 9º ANDAR - S940;SAB09S940
SA - BL A - TORRE 1 - 5º ANDAR - LABORATÓRIO DE GEOPROCESSAMENTO - 508-1;SAAT105L508
SB - BL TAU - TÉRREO - SALA DE CARTOGRAFIA;SBTAU00SS001
SB - BL ÔMEGA - 1º ANDAR - INOVAÇÃO TECNOLÓGICA EM MEDICINA (EB) - L105;SBOMEGA01L105
SB - BL BETA - TÉRREO - A004;SBBETA00A4
SB - BL DELTA - TÉRREO - OUVIDORIA;SBDELTA00SS11
SB - BL DELTA - 2º ANDAR - SALA DE DOCENTE - S267;SBDELTA02S267
SA - BL A - TORRE 2 - 5º ANDAR - S531-2;SAAT205S531
SA - BL A - SUBSOLO - NÚCLEO DE TECNOLOGIA DA INFORMAÇÃO (NTI) - S15;SAASS15
SA - BL A - 1º ANDAR - PROCURADORIA FEDERAL;SAA01SPROCURADORIA
SA - BL A - SUBSOLO - S15 - MANUTENÇÃO SSSA;SAASDP15SSSA
SA - BL B - 9º ANDAR - S910;SAB09S910
SA - BL A - SUBSOLO - LAB. ESPECTROS. ÓPTICA E ELETRÔNICA - LS24;SAASL24
SA - BL L - 1º ANDAR - MATEMÁTICA E COMPUTAÇÃO APLICADA - L101;SAL01L101
SA - BL A - TORRE 3 - 6º ANDAR - S636-3;SAAT306S636
SB - BL ZETA - 2º ANDAR - LABORATÓRIO DE INFORMÁTICA - L201;SBZETA02L201
SA - BL A - TORRE 3 - 7º ANDAR - L702-3 - SALA PRÁTICAS DIDÁTICO-PEDAGÓGICAS;SAAT307L702
SA - BL A - TORRE 1 - 7º ANDAR - S714-1;SAAT107S714
SA - BL A - TORRE 1 - 7º ANDAR - S732-1;SAAT107S732
SB - BL ALPHA - 1º ANDAR - S101;SBALPHA01S101
SA - BL A - 2º ANDAR - TELECOM - TL201;SAA02TL201
SA - BL L - 7º ANDAR - TELECOM - TL07;SAL07TL7
SA - BL A - SUBSOLO - TELECOM - PU;SAASTLPU
SA - BL D - TÉRREO - RESTAURANTE UNIVERSITÁRIO;SAD00RU
SB - BL DELTA - 3º ANDAR - SALA DE DOCENTE - S318;SBDELTA03S318
SB - BL DELTA - 2º ANDAR - SALA DE DOCENTE - S204;SBDELTA02S204
SB - BL ALPHA - TÉRREO - A1-L001-SB;SBALPHA00L001
SA - BL A - TORRE 3 - 6º ANDAR - S611-3;SAAT306S611
SB - BL DELTA - 2º ANDAR - SALA DE DOCENTE - S285;SBDELTA02S285
SB - BL DELTA - 2º ANDAR - SALA DE DOCENTE - S234;SBDELTA02S234
SA - BL B - 6º ANDAR - L603;SAB06L603
SA - BL B - 5º ANDAR - L501;SAB05L501
SA - BL A - TORRE 1 - 5º ANDAR - LABORATÓRIO DE CALOR E FLUIDOS II - L503-1;SAAT105L503
SB - BL DELTA - 2º ANDAR - SALA DE DOCENTE - S244;SBDELTA02S244
SA - BL L - SUBSOLO - LANCHONETE;SALSLLA
SA - BL A - TORRE 1 - 7º ANDAR - S705-1;SAAT107S705
SA - BL A - TORRE 2 - 5º ANDAR - S525-2;SAAT205S525
SB - BL TAU - 1º ANDAR - S101;SBTAU01S101
SB - BL TAU - 3º ANDAR - S306;SBTAU03S306
SB - BL TAU - 3º ANDAR - S308;SBTAU03S308
SB - BL TAU - 3º ANDAR - S311;SBTAU03S311
SB - BL ALPHA - TÉRREO - DIVISÃO DE PLANEJAMENTO E APOIO À GESTÃO (DPAG);SBALPHA00SDPAG
SB - BL ALPHSB - BL ALPHA - TÉRREO - CENTRAL DE ATENDIMENTO AO ESTUD (CAE) - S12;SBALPHA00S12
SB - BL DELTA - 2º ANDAR - SALA DE DOCENTE - S214;SBDELTA02S214
SA - BL A - TORRE 1 - 6º ANDAR - S610-1;SAAT106S610
SA - BL A - TORRE 1 - 7º ANDAR - S746-1;SAAT107S746
SA - BL B - 10º ANDAR - S1008;SAB10S1008
SA - BL B - 10º ANDAR - COPA - 1001;SAB10CP10
SB - BL DELTA - 2º ANDAR - SALA DE DOCENTE - S222;SBDELTA02S222
SB - BL DELTA - 3º ANDAR - SALA DE DOCENTE - S363;SBDELTA03SS363
SB - BL ZETA - 3º ANDAR - TELECOM - TEL3;SBZETA03TL3
SB - BL ALPHA - 1º ANDAR - S103;SBALPHA01S103
SA - BL A - TORRE 3 - 2º ANDAR - TELECOM - SALA 209-0;SAAT302TL209-0
SA - BL B - 11º ANDAR - NÚCLEO DE TRADUÇÃO DE LIBRAS (A11/ADM0001);SAB11SLIBRAS
SA - BL B - 11º ANDAR - SALA DA LIMPEZA - S1101;SAB11SS1101
SA - BL B - TÉRREO - TELECOM - TL00;SAB00TL0
SA - BL B - 1º ANDAR - TELECOM - TL01;SAB01TL1
SA - BL B - 2º ANDAR - TELECOM - TL02;SAB02TL2
SA - BL B - 3º ANDAR - TELECOM - TL03;SAB03TL3
SA - BL B - 4º ANDAR - TELECOM - TL04;SAB04TL4
SA - BL B - 6º ANDAR - TELECOM - TL06;SAB06TL6
SA - BL B - 7º ANDAR - TELECOM - TL07;SAB07TL7
SA - BL B - 8º ANDAR - TELECOM - TL08;SAB08TL8
SA - BL B - 9º ANDAR - TELECOM - TL09;SAB09TL9
SA - BL B - 10º ANDAR - TELECOM - TL10;SAB10TL10
SA - BL B - 11º ANDAR - TELECOM - TL11;SAB11TL11
SB - BL ALPHA - 2º ANDAR - S203;SBALPHA02S203
SB - BL ALPHA - 3º ANDAR - LABORATÓRIO DIDÁTICO SECO - L303;SBALPHA03L303
SA - BL A - TÉRREO - SALA DE ESTÚDIO DE LIBRAS (ADM0007);SAA00SLIBRAS
SA - BL L - 7º ANDAR - LAB. DE TEC. DE CO2 SUPERCRÍTICO E MAT. POLIMÉRICO - L702;SAL07L702
SB - BL ALPHA - 3º ANDAR - LABORATÓRIO DIDÁTICO SECO - L304;SBALPHA03L304
SB - BL TAU - 1º ANDAR - S102;SBTAU01S102
SA - BL A - TORRE 3 - 6º ANDAR - S606-3;SAAT306S606
SA - BL B - 1º ANDAR - LABORATÓRIO DE FOTÔNICA - S104;SAB01L104
SA - BL A - 02º ANDAR - COORD. DE GESTÃO DE COMPRAS, CONTRATOS E PATRIM. - CGCCP;SAA02SCGCCP
SA - BL A - TORRE 2 - 5º ANDAR - SALA DE DOCENTE - S549-2;SAAT205S549
SB - BL DELTA - 2º ANDAR - SALA DE DOCENTE - S272;SBDELTA02S272
SB - BL DELTA - 2º ANDAR - SALA DE DOCENTE - S236;SBDELTA02S236
SA - BL B - 11º ANDAR - DIVISÃO DE CULTURA (D11/ADM003);SAB11SCULTURA
SA - BL A - TORRE 2 - 5º ANDAR - R505-2 - SALA DE TRANSIÇÃO;SAAT205R505
SA - BL L - 3º ANDAR - TELECOM - TL03;SAL03TL3
SA - BL A - TORRE 3 - 4º ANDAR - L405-3;SAAT304L405
SB - BL TAU - 1º ANDAR - S104;SBTAU01S104
SB - BL TAU - 2º ANDAR - S201;SBTAU02S201
SB - BL TAU - 2º ANDAR - S204;SBTAU02S204
SB - BL TAU - TÉRREO - LABORATÓRIO DIDÁTICO DE INFORMÁTICA - L001;SBTAU00L001
SA - BL L - 4º ANDAR - TELECOM - TL04;SAL04TL4
SA - BL B - 1º ANDAR - S101 - NTI - CPD;SAB01S101
SA - BL A - TORRE 1 - 6º ANDAR - SALA DE IMPRESSÃO - R606-1;SAAT106R606-1
SA - BL A - TORRE 1 - 6º ANDAR - SALA DE REUNIÃO - R605-1;SAAT106R605-1
SA - BL A - TORRE 1 - 6º ANDAR - SALA DE REUNIÃO - R603-1;SAAT106R603-1
SA - BL A - TORRE 1 - 7º ANDAR - SALA DE REUNIÃO - R701-1;SAAT107R701
SA - BL A - TORRE 1 - 7º ANDAR - SALA DE REUNIÃO - R702-1;SAAT107R702-1
SA - BL A - TORRE 1 - 3º ANDAR - SALA DE REUNIÃO - R312-1;SAAT103R312-1
SA - BL B - 10º ANDAR - S1035A;SAB10S1035A
SA - BL A - TORRE 1 - 6º ANDAR - COORDENAÇÃO DE CURSO - C606-1;SAAT206SC606-1
SA - BL A - TORRE 1 - 6º ANDAR - COORDENAÇÃO DE CURSO - C605-1;SAAT106SC605-1
SA - BL A - TORRE 1 - 6º ANDAR - COORDENAÇÃO DE CURSO - C607-1;SAAT306SC607-1
SA - BL A - TORRE 1 - 6º ANDAR - COORDENAÇÃO DE CURSO - C608-1;SAAT306SC608-1
SA - BL B - 10º ANDAR - SALA DE DOCENTE - S1009;SAB10S1009
SA - BL A - TORRE 3 - 6º ANDAR - S610-3;SAAT306S610
SA - BL L - SUBSOLO - TELECOM - TLSUB;SALSTLSUB
SB - BL ALPHA - TÉRREO - PRO-REITORIA DE GRADUAÇÃO - S001;SBALPHA00S001
SB - BL ALPHA - 3º ANDAR - S302;SBALPHA03SS302
SB - BL ALPHA - 3º ANDAR - S305;SBALPHA03SS305
SB - BL ZETA - 2º ANDAR - LABORATÓRIO DIDÁTICO DE INFORMÁTICA - L204;SBZETA02L204
SA - BL A - TÉRREO - DIVISÃO ACADÊMICA - DAC(ADM0003);SAA00SDAC
SA - BL A - TÉRREO - DIV. ENSINO APRENDIZAGEM TUTORIAL - DEAT(ADM0005);SAA00SDEAT
SA - BL A - TORRE 1 - 8º ANDAR - LAB. SINAIS E SISTEMAS (EI) - L802-1;SAAT108L802-1
SA - BL B - 4º ANDAR - S407;SAB04S407
SB - BL DELTA - TÉRREO - TELECOM 001 (D-026);SBDELTA00TL1
SB - BL DELTA - TÉRREO - TELECOM 003 (D-027);SBDELTA00TL3
SB - BL DELTA - TÉRREO - TELECOM 002 (D-041);SBDELTA00TL2
SA - BL A - SUBSOLO - LABORATÓRIO DE INFORMAÇÃO E COMUNICAÇÃO I - LS26;SAASL26
SA - BL B - 11º ANDAR - LABORATÓRIO DE AFRICANIDADES AWÃKÃ;SAB11L
SA - BL A - SUBSOLO - BIOTÉRIO - LS21;SAASL21
SA - BL A - TORRE 3 - 5º ANDAR - LAB. FISICA MATERIA COND.II - L508-3;SAAT305L508
SA - BL A - SUBSOLO - LABORATÓRIO DE INFORMAÇÃO E COMUNICAÇÃO II - LS02;SAASL2
SB - BL DELTA - 2º ANDAR - S210;SBDELTA02S210
SA - BL L - 1º ANDAR - LAB. FÍSICA-MATEMÁTICA - L115;SAL01L115
SB - BL DELTA - TÉRREO - PU - S012;SBDELTA00S012
SB - BL ALPHA - 1º ANDAR - S106;SBALPHA01S106
SB - BL ZETA - 2º ANDAR - LAB. SISTEMAS AEROESPACIAIS - L202;SBZETA02L202
SA - BL B - 10º ANDAR - S1015;SAB10S1015
SA - BL B - 4º ANDAR - S406;SAB04S406
SA - BL A - SUBSOLO - SUPERINTENDENCIA DE OBRAS (SPO) - SS14;SAASSSPO
SA - BL A - TORRE 1 - 6º ANDAR - S620-1;SAAT106S620
SA - BL A - TORRE 3 - 6º ANDAR - S620-3;SAAT306S620
SA - BL A - TORRE 1 - 7º ANDAR - S715-1;SAAT107S715
SA - BL A - 2º ANDAR - 02º PAVIMENTO - ÁREA COMUM;SAA02AC02º
SB - BL ALPHA - 2º ANDAR - S202;SBALPHA02S202
SA - BL A - SUBSOLO - PORTA 02 (AO LADO DO LS03);SAASLP02
SA - BL A - SUBSOLO - LABORATÓRIO DE ELETRÔNICA DE POTÊNCIA E SMART GRIDS - LS03;SAASL3
SA - BL A - SUBSOLO - LAB. DE MAT. I: PROCESSAMENTO DE METAIS E CERÂMICAS - LS07;SAASL7
SA - BL A - SUBSOLO - DEPÓSITO DA LIMPEZA: PORTA 07;SAASDPLP7
SA - BL A - SUBSOLO - LAB. DE PROC. DE MAT. CONVENCIONAIS E NÃO CONV. - LS08;SAASL8
SA - BL A - SUBSOLO - LAB. DE MODELAGEM E SIM. DE SIST. ELÉT. DE POTÊNCIA - LS09;SAASL9
SA - BL A - SUBSOLO - LABORATÓRIO DE ÁGUAS URBANAS E HIDRÁULICA AMBIENTAL - LS10;SAASL10
SB - BL ALPHA - TÉRREO - L002;SBALPHA00L002
SA - BL B - 10º ANDAR - S1052;SAB10S1052
SA - BL B - 10º ANDAR - S1007;SAB10S1007
SB - BL TAU - 1º ANDAR - S105;SBTAU01S105
SB - BL TAU - 2º ANDAR - S206;SBTAU02S206
SB - BL TAU - 2º ANDAR - S208;SBTAU02S208
SB - BL TAU - 3º ANDAR - S304;SBTAU03S304
SA - BL A - TORRE 3 - 6º ANDAR - S644-3;SAAT306S644
SA - BL A - TORRE 2 - 6º ANDAR - LAB. NEUROBIOL. COMPORTAM. - L601-2;SAAT206L601
SA - BL A - TORRE 1 - 7º ANDAR - S737-1;SAAT107S737
SA - BL A - TORRE 1 - 7º ANDAR - S729-1;SAAT107S729
SA - BL L - 5º ANDAR - TELECOM - TL05;SAL05TL5
SA - BL A - TORRE 3 - 6º ANDAR - S650-3;SAAT306S650
SA - BL A - TORRE 2 - 5º ANDAR - S510-2;SAAT205S510
SB - BL ALPHA - TÉRREO - PROGRAD / DEAT - S010;SBALPHA00S010
SA - BL A - TORRE 1 - 6º ANDAR - S603-1;SAAT106S603
SB - BL ÔMEGA - TÉRREO - LABORATÓRIO DE FENÔMENOS DE TRANSPORTES - L005;SBOMEGA00L5
SB - BL ZETA - 2º ANDAR - S210;SBZETA02S210
SA - BL L - TÉRREO - CENTRAL DE CHAVES E VIGILÂNCIA;SAL00SCCV
SA - BL A - TORRE 2 - 5º ANDAR - S507-2;SAAT205S507
SB - BL DELTA - TÉRREO - LAB. COMPUT. ALTA-CONFIABIL. HARDW. - L009;SBDELTA00L9
SA - BL L - TÉRREO - CENTRAL DE CHAVES;SAL00S
SA - BL B - 6º ANDAR - LABORATÓRIO DIDÁTICO - L602;SAB06L602
SB - BL EXT - TÉRREO - WIKILAB;SBEXT00LWIKILAB
SB - BL ALPHA - 2º ANDAR - S201;SBALPHA02S201
SA - BL A - TORRE 1 - 7º ANDAR - S703-1;SAAT107S703
SB - BL DELTA - TÉRREO - MÉTODOS COMPUTACIONAIS EM ENGENHARIA BIOMÉDICA - L001;SBDELTA00L1
SA - BL A - TORRE 1 - 4º ANDAR - LAB. ROBÓTICA - L404-1;SAAT104L404
SA - BL A - TORRE 3 - 6º ANDAR - S614-3;SAAT306S614
SB - BL ZETA - TÉRREO - CENTRAL DE CHAVES E VIGILÂNCIA;SBZETA00ACCCV
SA - BL A - TORRE 1 - 7º ANDAR - S713-1;SAAT107S713
SB - BL ALPHA - 1º ANDAR - L101;SBALPHA01L101
SA - BL A - 2º ANDAR - DEPÓSITO DA S206-0;SAA02DP206
SB - BL BETA - TÉRREO - A002;SBBETA00A002
SB - BL ZETA - 2º ANDAR - S205;SBZETA02S205
SB - BL ZETA - 2º ANDAR - S206;SBZETA02S206
SB - BL ZETA - 2º ANDAR - S207;SBZETA02S207
SB - BL ZETA - 2º ANDAR - LABORATÓRIO DE INFORMÁTICA - L203;SBZETA02L203
SB - BL ZETA - 3º ANDAR - LABORATÓRIO DIDÁTICO SECO - L301;SBZETA03L301
SB - BL ALPHA - TÉRREO - DIVISÃO DE LAB. ACADÊMICOS DE INFORMÁTICA (DLAI) - S16;SBALPHA00S16
SB - BL ALPHA - TÉRREO - DIVISÃO DE ENSINO E APRENDIZAGEM TUTORIAL (DEAT) - S10;SBALPHA00S10
SB - BL ALPHA - TÉRREO - PROGRAMA DE ENSINO E APRENDI. TUTORIAL (PEAT) - S002;SBALPHA00S2
SA - BL A - TORRE 3 - 6º ANDAR - S618-3;SAAT306S618
SA - BL A - TORRE 1 - 6º ANDAR - S637-1;SAAT106S637
SB - BL DELTA - 3º ANDAR - SALA DE DOCENTE - S350;SBDELTA03S350
SB - BL DELTA - TÉRREO - PRO-REITORIA DE PÓS-GRADUAÇÃO (PROPG) - S024;SBDELTA00S024
SA - BL A - TORRE 1 - 7º ANDAR - S710-1;SAAT107S710
SA - BL B - 4º ANDAR - S403;SAB04S403
SB - BL DELTA - TÉRREO - PROPES - S023;SBDELTA00S23
SB - BL DELTA - TÉRREO - PROGRAD / BCH - S021B;SBDELTA00S021B
SA - BL A - TORRE 3 - 6º ANDAR - S632-3;SAAT306S632
SA - BL B - 8º ANDAR - S811;SAB08S811
SA - BL B - 10º ANDAR - S1027;SAB10S1027
SB - BL TAU - 2º ANDAR - SALA DE ESTUDOS - E206;SBTAU02SE206
SB - BL TAU - 3º ANDAR - SALA DE ESTUDOS - E306;SBTAU03SE306
SA - BL A - TORRE 2 - 5º ANDAR - S540-2;SAAT205S540
SA - BL L - 7º ANDAR - DEPÓSITO DO NTI;SAL07DPNTI
SB - BL DELTA - TÉRREO - LAB. GOVERNO, DEMOCRACIA E POL. PÚBLICAS - L013;SBDELTA00L013
SB - BL ALPHA - 2º ANDAR - S205;SBALPHA02S205
SA - BL A - 1º ANDAR - DEPÓSITO DA S106-0;SAA01DP106
SA - BL E - TÉRREO - SALA ADMINISTRATIVA DO GINÁSIO - G01 - G02;SAE00SG01-G02
SA - BL A - TORRE 2 - 5º ANDAR - S516-2;SAAT205S516
SA - BL A - TORRE 3 - 6º ANDAR - S639-3;SAAT306S639
SB - BL DELTA - TÉRREO - PU - R022;SBDELTA00R22
SA - BL A - TORRE 2 - 4º ANDAR - L401-2;SAAT204L401
SA - BL A - TORRE 2 - 5º ANDAR - S513-2;SAAT205S513
SA - BL A - TORRE 1 - 7º ANDAR - DIVISÃO ADMINISTRATIVA DO CECS - R706-1;SAAT107R706
SA - BL A - TORRE 1 - 6º ANDAR - S611-1;SAAT106S611
SA - BL B - 1º ANDAR - CENTRAL DE CHAVES;SAB01SCC
SB - BL ZETA - TÉRREO - LAB. MET. COMP. ENG. BIOMÉDICA - L001;SBZETA00L001
SA - BL B - 10º ANDAR - S1034;SAB10S1034
SA - BL A - TORRE 3 - 6º ANDAR - S634;SAAT306S634
SB - BL DELTA - 2º ANDAR - SALA DE DOCENTE - S221;SBDELTA02S221
SB - BL DELTA - 2º ANDAR - SALA DE DOCENTE - S240;SBDELTA02S240
SB - BL DELTA - 3º ANDAR - SALA DE DOCENTE - S321;SBDELTA03S321
SA - BL B - 3º ANDAR - S307;SAB03S307
SA - BL B - 3º ANDAR - S306;SAB03S306
SA - BL B - 3º ANDAR - S304;SAB03S304
SB - BL ZETA - TÉRREO - LAB. EQUIPAMENTOS MÉDICOS - L012;SBZETA00L012
SA - BL B - 11º ANDAR - SEÇÃO DE ESPORTES LAZER - SEL - C11;SAB11SC11
SB - BL DELTA - TÉRREO - LAB. DESENV. PROJETOS: ENG. AEROSPACIAL - L005;SBDELTA00L005EA
SB - BL ZETA - 3º ANDAR - LABORATÓRIO DIDÁTICO SECO - L306;SBZETA03L306
SB - BL DELTA - 3º ANDAR - SALA DE DOCENTE - S382;SBDELTA03S382
SB - BL MU - TÉRREO - BIOTÉRIO CENTRAL;SBMU00LBIOTERIO
SA - BL A - 7º ANDAR - S720-1;SAA07S720
SA - BL A - TORRE 1 - 1º ANDAR - SALA DOS CONSELHOS - ADM0001;SAAT101RSC
SA - BL B - 6º ANDAR - L601;SAB06L601
SA - BL B - 6º ANDAR - L605;SAB06L605
SB - BL DELTA - 3º ANDAR - SALA DE DOCENTE - S377;SBDELTA03S377
SA - BL B - 5º ANDAR - L506;SAB05L506
SA - BL A - TORRE 3 - 6º ANDAR - S647-3;SAAT306S647
SA - BL B - 6º ANDAR - L606;SAB06L606
SA - BL A - TORRE 1 - TÉRREO - COORD. CURSOS INTERDISC. BC&T - LCNE - LCH - 17;SAAT100SBC&T
SA - BL B - 8º ANDAR - S821;SAB08S821
SB - BL ALPHA - 1º ANDAR - L102;SBALPHA01L102
SA - BL A - TORRE 1 - 3º ANDAR - S308-1 / S310-1 - DSQV;SAAT103S308
SB - BL DELTA - 3º ANDAR - SALA DE DOCENTE - S325;SBDELTA03S325
SA - BL A - TORRE 1 - 7º ANDAR - S723-1;SAAT107S723
SA - BL B - 10º ANDAR - S1002;SAB10S1002
SA - BL A - TORRE 2 - 5º ANDAR - R506-2;SAAT205R506
SB - BL BETA - TÉRREO - A005;SBBETA00A005
SA - BL L - 1º ANDAR - LAB. DE INTELIGÊNCIA EM TEC. E RECURSOS ACESSÍVEIS - L119;SAL01L119
SB - BL DELTA - 2º ANDAR - SALA DE DOCENTE - S212;SBDELTA02S212
SA - BL B - 10º ANDAR - S1040;SAB10S1040
SA - BL B - 9º ANDAR - S929;SAB09S929
SA - BL A - TORRE 1 - 6º ANDAR - S604-1;SAAT106S604
SB - BL ZETA - 1º ANDAR - LABORATÓRIO COMPUTACIONAL COMP -L102;SBZETA01L102
SA - BL A - TORRE 2 - 5º ANDAR - S546-2;SAAT205S546
SA - BL A - SUBSOLO - LABORATÓRIO DE GEOTECNIA - LS18;SAASL18
SA - BL E - SUBSOLO - COPA / REFEITÓRIO DOS TERCEIRIZADOS;SAESCP1
SA - BL B - 3º ANDAR - S305;SAB03S305
SA - BL B - 4º ANDAR - S404;SAB04S404
SA - BL E - TÉRREO - TELECOM;SAE00TL
SB - BL ALPHA - TÉRREO - TELECOM - TL00;SBALPHA00TL
SB - BL ALPHA - 1º ANDAR - TELECOM - TL01;SBALPHA01TL
SB - BL ALPHA - 2º ANDAR - TELECOM - TL02;SBALPHA02TL
SB - BL ALPHA - 3º ANDAR - TELECOM - TL03;SBALPHA03TL
SB - BL DELTA - 3º ANDAR - SALA DE DOCENTE - S358;SBDELTA03S358
SB - BL ZETA - 2º ANDAR - SALA TÉCNICA - S201 - 203;SBZETA02S201
SB - BL DELTA - 3º ANDAR - SALA DE DOCENTE - S385;SBDELTA03S385
SA - BL A - TORRE 1 - 6º ANDAR - SALA DE DOCENTE - S616;SAAT106S616
SA - BL A - TORRE 3 - 6º ANDAR - S625-3;SAAT306S625-3
SA - BL A - TORRE 3 - 6º ANDAR - S605-3;SAAT306S605
SA - BL A - TORRE 1 - 7º ANDAR - S702-1;SAAT107S702
SA - BL A - TORRE 1 - 7º ANDAR - S711-1;SAAT107S711-1
SA - BL B - 5º ANDAR - LABORATÓRIO DE INFORMÁTICA - L505;SAB05L505
SA - BL A - SUBSOLO - LABORATÓRIO DE EQUIPAMENTOS MULTIUSUÁRIOS DO CCNH - LS20;SAASL20
SA - BL L - 6º ANDAR - TELECOM - TL06;SAL06TL6
SA - BL A - SUBSOLO - LABORATÓRIO DE PROCESSOS BIOLÓGICOS - LS28;SAASL28
SA - BL B - 1º ANDAR - LAB. DE ELETROQUIMICA E MATERIAIS NANOESTRUTURADOS - L102;SAB01L102/103
SA - BL B - 1º ANDAR - BIOLOGIA COMPUTACIONAL E BIOINFORMÁTICA - S102;SAB01S102
SA - BL A - TORRE 3 - SUBSOLO - LAB. TEC. SOLUÇ. SIST. ELÉTR. POT. - LS27 - SL02;SAAT3SLLS27-2
SA - BL A - TORRE 1 - 4º ANDAR - LABORATÓRIO DE CIRCUITOS E COMUNICAÇÃO - L405-1;SAAT104L405
SA - BL A - TORRE 3 - 6º ANDAR - S621-3;SAAT306S621
SA - BL A - TORRE 3 - 6º ANDAR - S622-3;SAAT306S622
SA - BL A - TORRE 3 - 6º ANDAR - S613-3;SAAT306S613
SB - BL DELTA - TÉRREO - NEG - NÚCLEO DE ESTUDOS GÊNERO ESPERANÇA GARCIA - D020;SBDELTA00SD020
SB - BL ALPHA - 3º ANDAR - ÁREA TÉCNICA: AT03 (S86);SBALPHA03S
SB - BL DELTA - 2º ANDAR - SALA DE DOCENTE - S268;SBDELTA02S268
SB - BL DELTA - 3º ANDAR - SALA DE DOCENTE - S305;SBDELTA03S305
SA - BL B - 9º ANDAR - SALA DE DOCENTE - S932;SAB09S932
SA - BL A - TORRE 2 - 3º ANDAR - SALA DE REUNIÃO - R312-2;SAAT203R312
SB - BL DELTA - 3º ANDAR - SALA DE DOCENTE - S352;SBDELTA03S352
SA - BL A - 1º ANDAR - DIV. DE POL. AFIRMATIVAS, BEM VIVER COMUNITÁRIO E DIVERSI;SAA01SDPBD
SB - BL DELTA - 3º ANDAR - SALA DE DOCENTE - S339;SBDELTA03S339
SA - BL A - 2º ANDAR - PRÓ-REIT. DE PLAN. E DESENVOLVIMENTO INSTIT. (PROPLADI);SAA02SPROPLADI
SA - BL TAU - TÉRREO - ÁREA COMUM;SATAU00AC
SA - BL A - SUBSOLO - SALA DA EQUIPE DE LIMPEZA - G10;SAASSG10
SB - BL DELTA - 3º ANDAR - SALA DE DOCENTE - S307;SBDELTA03S307
SA - BL A - TORRE 3 - TÉRREO - S010-0 - D - EPUFABC;SAAT300S010-0
SB - BL DELTA - 3º ANDAR - SALA DE DOCENTE - S379;SBDELTA03S379
SA - BL E - TÉRREO - S10 - BAJA UFABC;SAE00S10
LABORATÓRIO DE INSTRUMENTAÇÃO E AUTOMAÇÃO;SAASL25
SA - BL A - TORRE 1 - 7º ANDAR - S731-1;SAAT107S731
SB - BL ÔMEGA - TÉRREO - TELECOM - TÉRREO;SBOMEGA00TLTERREO
SB - BL BETA - TÉRREO - TELECOM - TL00;SBBETA00TL
SA - BL A - 2º ANDAR - S210-0;SAA02S210
SA - BL B - 9º ANDAR - SALA DE DOCENTE - S944;SAB09S944
SA - BL A - SUBSOLO - TELECOM - NTI;SAASTLNTI
SA - BL L - SUBSOLO - LAB ELETRÔNICA DE POTÊNCIA/MÁQUINAS ELÉTRICAS - L007;SALSLL007
SA - BL A - SUBSOLO - SALA ADMINISTRATIVA DOS TERCEIROS [ACTIVE];SAASSADMT
SA - BL A - TORRE 1 - 3º ANDAR - S312-1;SAAT103S312
SA - BL A - TORRE 1 - 1º ANDAR - ÁREA COMUM;SAAT101AC
SA - BL A - TORRE 3 - 6º ANDAR - S637-3;SAAT306S637
SA - BL A - TORRE 3 - 6º ANDAR - S626-3;SAAT306S626
SA - BL A - TORRE 1 - 7º ANDAR - S728-1;SAAT107S728
SB - BL DELTA - 3º ANDAR - SALA DE DOCENTE - S328;SBDELTA03S328
SB - BL DELTA - 2º ANDAR - SALA DE DOCENTE - S284;SBDELTA02S284
SB - BL ÔMEGA - TÉRREO - LABORATÓRIO DE PROCESSOS E PRODUÇÃO DE BIOGÁS - L008;SBOMEGA00L8
SB - BL ÔMEGA - 1º ANDAR - COPA;SBOMEGA01CP1
SA - BL A - SUBSOLO - CENTRAL DE MONITORAMENTO;SAASSCM
SB - BL DELTA - 1º ANDAR - LABORATÓRIO DE NEUROCIÊNCIA COMPUTACIONAL - L117;SBDELTA01L117
SA - BL A - TORRE 1 - 6º ANDAR - S601-1;SAAT106S601
SA - BL A - TORRE 3 - 4º ANDAR - LAB. DE BIOLOGIA QUIMICA - L407-3;SAAT304L407
SA - BL H - TELHADO;SAH TD
SA - BL B - 7º ANDAR - LABORATÓRIO DIDÁTICO VII - L702;SAB07L702
SA - BL A - TORRE 1 - 6º ANDAR - S602-1;SAAT106S602
SB - BL DELTA - 3º ANDAR - SALA DE DOCENTE - S351;SBDELTA03S351
SB - BL DELTA - 2º ANDAR - SALA DE DOCENTE - S218;SBDELTA02S218
SA - BL I - SUBSOLO - CENTRAL DE CHAVES;SAISS
SB - BL DELTA - TÉRREO - LABORATÓRIO DE SISTEMAS INTELIGENTES E ROBÓTICA - L008;SBDELTA00L8
SB - BL ALPHA - 1º ANDAR - LABORATÓRIO DIDÁTICO DE FILOSOFIA - L103;SBALPHA01L103
SA - BL L - 2º ANDAR - LABORATÓRIO DE RELATIVIDADE E GRAVITAÇÃO - L201;SAL02L201
SA - BL B - 10º ANDAR - SALA DE DOCENTE - S1041;SAB10S1041
SA - BL E - TÉRREO - DEP. DA PRÓ-REIT DE ASSUNTOS COMUNITÁRIOS E POLÍTICAS AFIRM;SAE00DPPROAP
SB - BL DELTA - 3º ANDAR - DIVISÃO ACADÊMICA DO CECS - S354;SBDELTA03S354
SA - BL A - TORRE 1 - 5º ANDAR - LABORATÓRIO DE CALOR E FLUIDOS I - L502-1;SAAT105L502
SA - BL A - SUBSOLO - SEST / DSQV - S15A;SAASS15A
SA - BL A - TORRE 2 - 5º ANDAR - TELECOM - TL05-2;SAAT205TL5
SA - BL A - TORRE 2 - 4º ANDAR - TELECOM - TL04-2;SAAT204TL4
SA - BL A - TORRE 2 - 3º ANDAR - TELECOM - TL03-2;SAAT203TL3
SA - BL A - TORRE 1 - 8º ANDAR - LAB. POLÍMEROS AMBIENTALMENTE AMIGÁVEL - L803-1;SAAT108L803
SB - BL ALPHA - 2º ANDAR - ZELADORIA - S59;SBALPHA02S59
SB - BL GAMA - SUBSOLO - SALA DA SEGURANÇA COMUNITÁRIA / MONITORAMENTO;SBGAMASSSGC01
SA - BL B - 3º ANDAR - COORDENADORIA DE INTEGRAÇÃO MULTICAMPI DA PROPG - S301;SAB03S301
SA - BL A - SUBSOLO - SALA DE APOIO TÉCNICO A LAB. LS10 (PORTA 21);SAASSAPOIOTECNICO
SA - BL A - TORRE 2 - 4º ANDAR - LABORATÓRIO DE INFORMÁTICA I - L407-2;SAAT204L407
SA - BL A - TORRE 1 - 3º ANDAR - TELECOM - TL03-1;SAAT103TL3
SA - BL A - TORRE 1 - 6º ANDAR - S649-1;SAAT106S649
SA - BL A - TÉRREO - CENTRAL DE ATENDIMENTO AO ESTUDANTE - CAE;SAA00SCAE
SA - BL B - 8º ANDAR - SALA DE DOCENTE - S802;SAB08S802
SA - BL L - 3º ANDAR - LAB. INCUBADORA TECNOLOGÍCA DA INOVAUFABC - L306;SAL03L306
SB - BL DELTA - 3º ANDAR - SALA DE DOCENTE - S371;SBDELTA03S371
SA - BL A - 2º ANDAR - DEPÓSITO DA DIVISÃO DE DATA CENTER DO NTI S201-0;SAA02DP201
LABORATÓRIO DE TRATAMENTO DE ÁGUAS URBANAS E REÚSO DE ÁGUA (LABTAUS) - L005;SALS5
SA - BL H - TÉRREO - PORTARIA;SAH00PH
SA - BL A - TORRE 1 - 2º ANDAR - ESTÚDIO UFABC;SAAT102SESTUDIO
SB - BL DELTA - 3º ANDAR - SECRETARIA DO CECS - S330;SBDELTA03SS330
SB - BL ZETA - 1º ANDAR - LAB. SISTEMÁTICA INTEGRATIVA PLANTAS - LASIP - L106A;SBZETA01L106A
SA - BL H - TÉRREO - POSTO DE SEGURANÇA - PS;SAH 00PPS
SA - BL A - TÉRREO - GABINETE DA PRO-REIT. DE ASS. COMUN. E POLÍT. AFIRM. - S06;SAA00SGS06
SA - BL A - TÉRREO - COORDENAÇÃO DE GESTÃO ESTRATÉGICA DA PROAP - S06;SAA00S6
SA - BL A - TÉRREO - DIVISÃO ADMINISTRATIVA DA PROAP - S08;SAA00S8
SA - BL L - 6º ANDAR - LAB. INTERAÇÃO FLUIDO-ESTRUTURA (EA) - L601;SAL06L601
SA - BL A - 11º ANDAR - SINTUFABC;SAA11SSINTUFABC
SA - BL A - TORRE 1 - 6º ANDAR - S632-1;SAAT106S632
SA - BL B - 9º ANDAR - SALA DE DOCENTE - S948;SAB09S948
SA - BL A - TÉRREO - [DLA] COORDENAÇÃO GERAL DE CURSOS DE GRADUAÇÃO (ADM0002);SAA00SDLA
SA - BL A - TORRE 1 - 6º ANDAR - S640-1;SAAT106S640
SB - BL GAMA - SUBSOLO - LIMPEZA - S010;SBGAMASS010
SA - BL A - SUBSOLO - OUVIDORIA - S13;SAASS13
SA - BL B - 2º ANDAR - LABORATÓRIO DE PESQUISA - L205;SAB02L205
SA - BL L - 3º ANDAR - R301 - SALA DE REUNIÃO AGÊNCIA INOVAÇÃO / PROPES;SAL03R301
SA - BL L - 1º ANDAR - LAB. INFORM. REDES TEC. EDUC. - LIRTE- L107;SAL01L107
SB - BL DELTA - 3º ANDAR - SECRETARIA DO CECS - S300;SBDELTA03S300
SA - BL A - TORRE 3 - 6º ANDAR - S631-3;SAAT306S631
SB - BL ÔMEGA - 1º ANDAR - LAB. FOTOTERAPIA E ANÁLISE MICROBIOLÓGICA - L101;SBOMEGA01L101
SA - BL A - TORRE 1 - 7º ANDAR - S744-1;SAAT107S744
SA - BL A - TORRE 3 - 6º ANDAR - SALA DE DOCENTE - S635-3;SAAT306S635
SA - BL A - TÉRREO - SALA DE EDUCAÇÃO EM SAÚDE - S78;SAA00S78
SB - BL DELTA - 3º ANDAR - SALA DE DOCENTE - S349;SBDELTA03S349
SA - BL H - TÉRREO - SALAS ADMINISTRATIVAS - PROJETO ACERVO;SAH 00SADM
SB - BL GAMA - SUBSOLO - OFICINA;SBGAMASSOFICINA
SA - BL L - 7º ANDAR - LABORATÓRIO DE TRIBOLOGIA - L710;SAL07L710
SA - ESTACIONAMENTO DOS CARROS OFICIAIS;SAACPUES
SA - BL B - 10º ANDAR - S1031;SAB10S1031
SA - BL A - TORRE 2 - 4º ANDAR - LABORATÓRIO DE COMPUTAÇÃO CIENTIFICA - L408-2;SAAT204L408
SB - BL DELTA - 2º ANDAR - SALA DE DOCENTE - S256;SBDELTA02S256
SB - BL DELTA - 2º ANDAR - SALA DE DOCENTE - S228;SBDELTA02S228
SB - BL DELTA - 2º ANDAR - SALA DE DOCENTE - S202;SBDELTA02S202
SB - BL ÔMEGA - TÉRREO - LABORATÓRIO DE CIRCUITOS INTEGRADOS DE RF - L009;SBOMEGA00L009
SA - BL B - 11º ANDAR - S1011;SAB11S1011
SB - BL DELTA - TÉRREO - DIV. DE POL. AFIR. BEM-VIV. COM. E DIVER. (DPBD) - S21C;SBDELTA00S021C
SB - BL ÔMEGA - TÉRREO - LABORATÓRIO DE INTERDISCIPLINAR DE MANUFATURA - L001;SBOMEGA00L1
SA - BL A - 6º ANDAR - COPA DOS SERVIÇOS DE COPEIRAGEM;SAA06CP
SB - BL DELTA - 2º ANDAR - COL. RURAL URB. - SOLID. ORGÂNICA (CCRU-SOLO) - S123;SBDELTA02S123
SB - BL DELTA - TÉRREO - LAB. DE EST. E PROJ. URB. E REG. LEPUR/CEFAVELA - L015;SBDELTA00L15
SA - BL A - SUBSOLO - LAB. DE MAT. AVANÇADOS / NANO. E DISPO. - LS23;SAASL23
SB - BL DELTA - 2º ANDAR - SALA DE DOCENTE - S213;SBDELTA02S213
SB - BL DELTA - 2º ANDAR - SALA DE DOCENTE - S242;SBDELTA02S242
SA - BL E - SUBSOLO - DEPÓSITO DA ENGENHARIA DE SEGURANÇA DO TRABALHO (SEST);SAESDP1
SA - BL L - 7º ANDAR - ÁREA COMUM;SAL07AC
SA - BL A - TORRE 3 - 6º ANDAR - R602-3;SAAT306R602
SA - BL A - SUBSOLO - SALA DOS MOTORISTAS - TERCEIRIZADOS;SAASSMOTORISTAS
SA - BL B - 1º ANDAR - LAB. DE BIOENERGÉTICA MITOCONDRIAL (MITOMETAB) - L105;SAB01L105
SB - BL TAU - TÉRREO - LABORATÓRIO DIDÁTICO DE INFORMÁTICA - L002;SBTAU00L002
SA - BL A - TÉRREO - SEÇÃO ACOLHIM. INCLUSÃO PERMANÊNC. - SAIP (ADM0013);SAA00SSAIP
SB - BL DELTA - 2º ANDAR - SALA DE DOCENTE - S233;SBDELTA02S233
SA - BL A - TORRE 3 - 1º ANDAR - ÁREA COMUM;SAAT301AC
SA - BL A - TORRE 1 - 2º ANDAR - ÁREA COMUM;SAAT102AC
SA - BL A - TORRE 3 - 2º ANDAR - ÁREA COMUM;SAAT302AC
SA - BL B - 8º ANDAR - ÁREA COMUM;SAB08AC
SB - BL DELTA - 3º ANDAR - SALA DE DOCENTE - S310;SBDELTA03S310
SB - BL DELTA - TÉRREO - COPA - CP001;SBDELTA00CP1
SB - BL DELTA - 1º ANDAR - COPA - CP101;SBDELTA01CP101
SB - BL DELTA - 2º ANDAR - COPA - CP201;SBDELTA02CP201
SB - BL DELTA - 3º ANDAR - COPA - CP301;SBDELTA03CP301
SA - BL B - 2º ANDAR - LAB. CONFIAB. OTIM. REDES DE FLUXO - L206;SAB02L206
SA - BL B - 5º ANDAR - L502;SAB05L502
SB - BL DELTA - 2º ANDAR - SALA DE DOCENTE - S252;SBDELTA02S252
SA - BL L - TÉRREO - LAB. DE BIOFABRICAÇÃO E SISTEMAS DE MANUFATURA - L004;SAL00L4
SA - BL B - 1º ANDAR - LAB. DE REOLOGIA E CARACTERIZAÇÃO DE POLÍMEROS - L107;SAB01L107
SB - BL TAU - TÉRREO - ESPAÇO MARIELLE FRANCO - S001;SBTAU00S1
SA - BL B - 9º ANDAR - S943;SAB09S943
SB - BL DELTA - 3º ANDAR - SALA DE DOCENTE - S366;SBDELTA03S366
SA - BL B - TÉRREO - CENTRAL EXPERIMENTAL MULTIUSUÁRIO (CEM);SAB00CEM
SA - BL L - SUBSOLO - CENTRAL EXPERIMENTAL MULTIUSUÁRIO (CEM);SALSLCEM
SA - BL K - TÉRREO - CENTRAL EXPERIMENTAL MULTIUSUÁRIO (CEM);SAK00LCEM
SB - BL DELTA - 1º ANDAR - CENTRAL EXPERIMENTAL MULTIUSUÁRIO (CEM) - L111;SBDELTA01L111
SA - BL L - 3º ANDAR - CENTRAL EXPERIMENTAL MULTIUSUÁRIO (CEM) - L304;SAL03L304
SA - BL B - TÉRREO - ÁREA COMUM;SAB00AC
SB - BL TAU - 2º ANDAR - TELECOM - TL01;SBTAU02TL1
SB - BL GAMA - SUBSOLO - COPA / REFEITÓRIO DOS TERCEIRIZADOS;SBGAMASCP
SB - BL ZETA - 1º ANDAR - COPA - CP101;SBZETA01CP101
SB - BL ZETA - 2º ANDAR - COPA - CP201;SBZETA02CP201
SB - BL ZETA - 3º ANDAR - COPA - CP301;SBZETA03CP301
SB - BL ZETA - DEPÓSITOS DA PREFEITURA UNIVERSITÁRIA;SBZETADP
SB - BL DELTA - 2º ANDAR - SALA DE DOCENTE - S205;SBDELTA02S205
SB - BL EPSILON - TÉRREO - PORTARIA 1;SBEPSILON00P1
SA - BL B - 10º ANDAR - SALA DE DOCENTE - S1043;SAB10S1043
SB - BL DELTA - 2º ANDAR - SALA DE DOCENTE - S220;SBDELTA02S220
SA - BL L - 5º ANDAR - LABORATÓRIO DE SISTEMAS DE ENGENHARIA ECOLÓGICA - L504;SAL05L504
SB - BL TAU - 1º ANDAR - TELECOM - TL01;SBTAU01TL1
SB - BL DELTA - 3º ANDAR - SALA DE DOCENTE - S386;SBDELTA03S386
SB - BL DELTA - 3º ANDAR - SALA DE DOCENTE - S306;SBDELTA03S306
SA - BL B - 9º ANDAR - S904;SAB09S904
;
;
Voltar;
